https://theporndude.net,
http://bestporncams.com,
http://listofporn.com,
https://www.pussyspace.com/,
http://www.bigporn.com/,
https://www.ixxx.com,
https://www.fuq.com,
https://www.xvideos.com/,
https://www.xnxx.com/,
https://www.pornhub.com/,
https://xhamster.com,
https://www.cumlouder.com,
https://www.dinotube.com/,
http://www.largehdtube.com/,
http://milfporn.tv,
https://www.porndig.com,
https://www.forhertube.com,
https://www.tiava.com,
https://www.porntube.com,
https://www.pornburst.xxx,
https://www.pornhat.com/,
https://ok.xxx/,
https://www.sexvid.xxx/,
https://www.assoass.com,
https://bigassporn.tv,
https://www.tubepornstars.com,
https://www.lobstertube.com,
http://www.tube3.com,
https://pornfaze.com/,
https://pornito.xxx/,
https://smutr.com/,
    https://www.megatube.xxx/,
https://xxxelf.video/?utm_source=dh&utm_medium=theporndude.net,
https://zbporn.com/,
https://www.pornid.xxx/,
https://pornkai.com/,
https://fapster.xxx/,
https://fapvidhd.com,
https://www.4tube.com,
https://hdxnxx.xxx/,
https://sextubespot.com,
https://thematureporn.net,
https://vipwank.com,
https://www.porndroids.com,
https://shameless.com,
https://www.tubev.sex/,
https://www.tubewolf.com,
https://hotntubes.com,
https://hello.porn/,
http://www.tastyblacks.com,
https://txxx.com/,
https://hqporn.xxx,
https://www.hdtubemovies.xxx/,
https://www.hdsexvideo.xxx/,
https://fulltube.com,
https://myxvideos.com,
https://pornone.com,
https://www.eporner.com,
https://www.redtube.com,
https://pornzog.com/,
https://xcafe.com/,
https://www.xxxbule.com,
https://www.perfectgirls.xxx,
https://www.fuq.com,
https://www.ixxx.com,
http://www.bigporn.com/,
https://www.pussyspace.com/,
https://www.xxxfollow.com/,
https://www.tacamateurs.com/thumbs/,
https://www.pornpics.com/,
https://www.pichunter.com,
https://viewgals.com/,
https://nastypornpics.com/,
https://www.barelist.com,
https://www.hotpornphotos.com,
https://www.youx.xxx/,
https://nubilefilms.com/,
https://nubiles.net/,
https://go.stripchat.com/?userId=d8c7e528a02d937f26efb15cc496ed109fb3f4e6fc8d09201552f4851837b825&sourceId=Theporndudenet,
https://chaturbate.com/in/?tour=41Ea&campaign=NajZa&track=default,
http://cams.com/go/g1424946-pct.subTheporndudenet,
http://www.streamate.com/?DF=0&AFNO=1-0-641300-356079&UHNSMTY=221,
http://www.pornication.com?AFNO=1-247331-2-theporndudenet,
https://www.camsfinder.com?utm_source=theporndudenet,
https://ichatonline.com?utm_source=theporndudenet,
https://milfslive.com?utm_source=theporndudenet,
https://liveporngirls.com?utm_source=theporndudenet,
https://ctrdwm.com/?siteId=jasmin&categoryName=&pageName=home&performerName=&prm[psid]=m4rc0f&prm[pstool]=205_1&prm[psprogram]=pps&prm[campaign_id]=81929&subAffId={SUBAFFID}&prm[utm_source]=theporndudenet,
https://www.camsoda.com/voyeur-cams?id=m4rc0f_v,
https://en.royalcams.com,
https://slutroulette.com,
http://myporncams.com,
https://www.cam4.com/,
https://vrbangers.com/,
https://www.vrsmash.com/,
https://vrporn.com/,
https://www.czechvr.com/,
https://www.sexlikereal.com/,
https://virtualrealporn.com/,
https://www.vrporngalaxy.com/,
https://vrcosplayx.com,
https://vrsumo.com/,
https://toppornsites.com,
https://www.findtubes.com/,
https://www.badjojo.com/,
https://pornplanner.com/,
https://thepornlist.com/,
https://homo.xxx,
https://www.gayfuror.com,
https://fapongayporn.com,
https://myporngay.com,
https://filf.com/?utm_source=theporndudenet,
https://www.gaymaletube.com/,
https://gay0day.com/,
https://go.stripchat.com/api/goToTheTag?tag=men&userId=c01f8a767273b33909d9c2d83401d54d4a46c439fbb32a0610a8cd0cabec4c4a&sourceId=theporndude_net&p1=gay,
https://nats.lucasentertainment.com/track/MTAwMDczNC4yLjIuMi43LjAuMC4wLjA,
https://www.trannygem.com/,
https://www.sheshaft.com/,
https://www.shemalestube.com/,
https://shemalez.com/,
https://www.icetranny.com/,
https://www.trannytube.net/,
https://trannyclips.com/,
https://www.tgtube.com/,
https://www.shemalehd.sex/,
https://www.tranny.one,
https://www.ashemaletube.com,
https://forum.adultdvdtalk.com,
https://www.freeones.com/forums/,
https://jdforum.net,
https://www.joylovedolls.com,
https://www.yourdoll.com/,
https://www.playboy.com,
https://join.deeper.com/track/NzAxLjc4LjExLjM0LjI2LjAuMC4wLjA,
https://natour.naughtyamerica.com/track/MTE1MTMzLjEwMDI1LjguOC42My4wLjAuMC4w,
https://join.staxxx.com/track/MTY2My4xNC4zMi41MS4zOC4wLjAuMC4w,
https://enter.javhd.com/track/MjAzMDYuMi4yLjIuMjcuMC4wLjAuMA,
http://natour.naughtyamerica.com/track/MTE1MTMzLjEwMDI1LjguMzEzLjYzLjAuMC4wLjA,
https://landing.fakehub.com/tgp1/?ats=eyJhIjo4NDk5MCwiYyI6NDg4MjAyMTAsIm4iOjMwLCJzIjoyNjEsImUiOjExNzAsInAiOjU3fQ==,
https://landing.rk.com/tgp1/?ats=eyJhIjo4NDk5MCwiYyI6NDg4MjAyMTAsIm4iOjIwLCJzIjozNTgsImUiOjgwMzQsInAiOjU3fQ==,
https://www.g2fame.com/puretaboo/go.php?pr=8&su=2&si=239&ad=247331&pa=index&ar=&campaign=243547&buffer=,
https://www.brazzersnetwork.com/home/?ats=eyJhIjo4NDk5MCwiYyI6NDg4MjAyMTAsIm4iOjE0LCJzIjo5MCwiZSI6MjcwLCJwIjo1N30=,
https://secure.karups.com/track/MTAwMjIyMS4xLjEuMS4yOC4wLjAuMC4w,
https://join.slayed.com/track/NzAxLjc4LjE0LjM5LjI2LjAuMC4wLjA,
https://www.g2fame.com/adulttime/go.php?pr=8&su=2&si=247&ad=247331&pa=index&ar=&campaign=243547&buffer=,
https://www.bangbrosnetwork.com/?ats=eyJhIjo4NDk5MCwiYyI6NDg4MjAyMTAsIm4iOjEzMCwicyI6NjkzLCJlIjoxMDY3MSwicCI6NTd9,
https://www.g2fame.com/evilangel/go.php?pr=8&su=2&si=128&ad=247331&pa=index&ar=&campaign=243547&buffer=,
https://www.g2fame.com/wicked/go.php?pr=8&su=2&si=371&ad=247331&pa=index&ar=&campaign=243547&buffer=,
https://join.teamskeet.com/track/MTA2MTcuMi4xNS41MzUyLjExNi4wLjAuMC4w,
https://www.mofosnetwork.com/tour/home/?ats=eyJhIjo4NDk5MCwiYyI6NDg4MjAyMTAsIm4iOjE1LCJzIjoxNzYsImUiOjU2MywicCI6NTd9,
https://join.tushy.com/track/NzAxLjc4LjcuMjAuMjYuMC4wLjAuMA,
https://join.blacked.com/track/NzAxLjc4LjMuMy4yNi4wLjAuMC4w,
https://join.blackedraw.com/track/NzAxLjc4LjkuMjguMjYuMC4wLjAuMA,
https://secure.noboring.com/track/MTE2MjQ1LjUuNTEuNTEuMjQ5OTEuMC4wLjAuMA,
http://join.dothewife.com/track/MTU3LjEuNC4yNS40MS4wLjAuMC4w,
https://register.alterotic.com/track/MzAwMDAxMTYuMy45Mi4yNTEuNTMuMC4wLjAuMA,
https://lovehomeporn.com,
https://www.clips4sale.com/,
https://fancentro.com,
https://www.watchmygf.me,
https://bestpornsites.biz/category/girlfriend-pornsites/,
https://mygfporn.com/,
https://onlyfans.com,
https://www.m-porn.xxx/,
https://www.mobilepornmovies.com,
https://www.camsoda.com/porn/pornstar,
https://twitter.com/thejessicadrake,
https://twitter.com/msabigailmac,
https://twitter.com/blkblssm,
https://twitter.com/TheGiannaDior,
https://twitter.com/adriaraex,
https://twitter.com/elenakoshkaxoxo,
https://twitter.com/vannabardot,
https://bestpornsites.biz/,
http://best10pornsites.com/,
https://landing.teenslovehugecocks.com/?ats=eyJhIjo4NDk5MCwiYyI6NDg4MjAyMTAsIm4iOjIwLCJzIjozOTUsImUiOjg5MTAsInAiOjU3fQ==,
https://secure.teenmegaworld.net/track/MTE2MjQ1LjIuMS4xLjI0OTkxLjAuMC4wLjA,
https://join.innocenthigh.com/track/MTA2MTcuNy4xLjU1MzIuMTE2LjAuMC4wLjA,
https://landing.iknowthatgirl.com/?ats=eyJhIjo4NDk5MCwiYyI6NDg4MjAyMTAsIm4iOjE1LCJzIjoxODEsImUiOjg5NjksInAiOjU3fQ==,
https://ignore4k.com/track/MTQ1LjEuMjcuMzIuMjkuMC4wLjAuMA,
https://join.familystrokes.com/track/MTA2MTcuMi43Mi41MjQyLjExNi4wLjAuMC4w,
https://join.pornprosnetwork.com/track/ST12y625rVKJVgsLVMBaBnGJda1j,
https://wct.link/click?c=eyJhIjo0NTgsIm8iOjc1LCJwIjoyLCJjIjp7fX0g&tracker=theporndudenet,
https://join.swappz.com/track/MTA2MTcuMi4yMDIuNjYxOS4xMTYuMC4wLjAuMA,
https://www.richmen.com/?id=rmtop&cmp=theporndude.net,
https://www.highreply.com/?utm_source=theporndude.net,
https://adultfriendfinder.com/go/g1424946-pct.subTheporndudenet,
https://nostringsattached.com/go/g1424946-pct.subTheporndudenet,
https://passion.com,
https://getiton.com/go/g1424946-pct.subTheporndudenet,
https://xpaysites.com/,
https://best-paypornsites.net/,
https://bestpayadultsites.com/,
https://bestporn.net,
http://paidpornsites.net/,
https://toppaidpornsites.com/,
https://premiumpornsites.net/,
http://best-paypornsites.com/,
https://getcheex.com/?eftrack=&eftrackc=&tracktype=ef&oid=6&affid=29,
http://www.videobox.com/tour/home/?pid=crawfordfranziska,
https://www.g2blazing.com/darkx/go.php?pr=12&su=2&si=75&pa=index&ar=&ad=247331&campaign=29457,
https://faphouse.com/?utm_campaign=ai.vqb,
https://landing.sexyhub.com/?ats=eyJhIjo4NDk5MCwiYyI6NDg4MjAyMTAsIm4iOjMxLCJzIjoyNzMsImUiOjkxOTAsInAiOjEwM30=,
https://www.bang.com/?aff=eyJ3IjoiMTE4MzMiLCJsIjoiMjYyMjUiLCJ0IjoiNDAwODEifQ==,
https://landing.digitalplaygroundnetwork.com/?ats=eyJhIjo4NDk5MCwiYyI6NDg4MjAyMTAsIm4iOjE3LCJzIjoxMzUsImUiOjg5NDksInAiOjU3fQ==,
https://punishworld.com,
https://www.g2fame.com/21sextreme/go.php?pr=8&su=2&si=208&ad=247331&pa=index&ar=&campaign=243547&buffer=,
https://www.g2fame.com/21sextury/go.php?pr=8&su=2&si=207&ad=247331&pa=index&ar=&campaign=243547&buffer=,
https://join.nylonup.com/track/MjUxMzg4Ny4xLjEuMS4yOS4wLjAuMC4w,
http://xxxreports.com/menu/adorable/,
https://www.babesnetwork.com/tour/?ats=eyJhIjo4NDk5MCwiYyI6NDg4MjAyMTAsIm4iOjE2LCJzIjoxNjYsImUiOjUwNCwicCI6NTd9,
https://www.reddit.com/r/Boobies/,
https://www.melonstube.com,
https://join.teencurves.com/track/MTA2MTcuMi41MC41NDUyLjExNi4wLjAuMC4w,
https://join.loveherboobs.com/track/ODQuMS41LjUuMTMuMC4wLjAuMA,
https://porcore.com/,
https://enter.heyhentai.com/track/MjAzMDYuMi4zMC4yMy4yNy4wLjAuMC4w,
https://allporncomic.com,
https://gamcore.com/,
https://www.gamesofdesire.com,
https://www.sexemulator.com/,
https://www.nutaku.com,
https://literotica.com,
https://www.sexstories.com/,
https://storiesonline.net/,